code,en,shn
aa,Afar,ဢႃးၾႃႇ
ab,Abkhazian,ဢပ်ႇၶႃးၸီႇယႅၼ်ႇ
ace,Achinese,ဢႃးၶျိၼ်းၼိတ်ႉ
ach,Acoli,ဢၶေႃးလီႇ
ada,Adangme,ဢတႅင်းမီႇ
ady,Adyghe,ဢတီၵေး
ae,Avestan,ဢဝႅတ်ႉသတၼ်ႇ
aeb,Tunisian Arabic,တူႇၼီးသီႇယႅၼ်ႇ ဢရပိၵ်ႉ
af,Afrikaans,ဢၾရိၵၢၼ်း
afh,Afrihili,ဢၾရိႁိရီႇ
agq,Aghem,ဢၵ်ႉႁဵမ်
ain,Ainu,ဢၢႆးၼူ
ak,Akan,ဢႃးၵၼ်ႇ
akk,Akkadian,ဢၶႃးတီႇယႅၼ်ႇ
akz,Alabama,ဢလပႃးမႃး
ale,Aleut,ဢႃးလီယုတ်ႉ
aln,Gheg Albanian,ၵႅၵ်ႉ ဢႄႇလ်ပေးၼီးယႅၼ်ႇ
alt,Southern Altai,ဢႃးတႆး ပွတ်းၸၢၼ်း
am,Amharic,ဢမ်ႇႁႄးရိၵ်ႉ
an,Aragonese,ဢရၵၼိတ်ႉ
ang,Old English,ဢိင်းၵလဵတ်ႈ ပၢၼ်ၵဝ်ႇ
anp,Angika,ဢႅၼ်ၵျိၵႃႇ
ar,Arabic,ဢႃးရပိၵ်ႉ
ar_001,Arabic (Modern Standard),ဢႃးရပိၵ်ႉ လၵ်းၸဵင် ပၢၼ်မႂ်ႇ
arc,Aramaic,ဢႃးရမ်းမိၵ်ႉ
arn,Mapuche,မပူးၶျီႇ
aro,Araona,ဢႃႇရၢဝ်းၼႃႇ
arp,Arapaho,ဢရပႁူဝ်
arq,Algerian Arabic,ဢႃးရပိၵ်ႉ ဢႄႇလ်ၵျီးရီးယႅၼ်ႇ
ars,Najdi Arabic,ဢႃးရပိၵ်ႉ ၼႃးၸတိ
arw,Arawak,ဢႃးရဝၵ်ႉ
ary,Moroccan Arabic,ဢႃးရပိၵ်ႉ မေႃရွၵ်ႉၶႅၼ်ႇ
arz,Egyptian Arabic,ဢႃးရပိၵ်ႉ ဢီးၵျိပ်ႈသျၼ်ႇ
as,Assamese,ဢႃႇသမ်ႇ
asa,Asu,ဢသူး
ase,American Sign Language,ၽႃႇသႃႇၵႂၢမ်း ႁၢင်ႈမၢႆတွင်း ဢမႄႇရိၵၢၼ်ႇ
ast,Asturian,ဢတိူဝ်ႇရီႇယႅၼ်ႇ
av,Avaric,ဢႃးဝရိၵ်ႉ
avk,Kotava,ၶူဝ်ထႃႉဝႃႇ
awa,Awadhi,ဢႃးဝတီႇ
ay,Aymara,ဢၢႆးမႃးရ
az,Azerbaijani,ဢႃႇၸႃႇပၢႆႇၸၼ်ႇ
az_short,Azerbaijani,ဢၸႃးရီႇ
ba,Bashkir,ပၢတ်ႇသျ်ၵေးသ်
bal,Baluchi,ပလူးၶျီႇ
ban,Balinese,ပေႃးလူးၼိတ်ႉ
bar,Bavarian,ပဝႄးရီယႅၼ်ႇ
bas,Basa,ပႃးသႃႇ
bax,Bamun,ပႃႈမမ်ႇ
bbc,Batak Toba,ပႃးထၢၵ်ႇ ထူဝ်းပႃႇ
bbj,Ghomala',ၵူဝ်မႃးလႃႇ
be,Belarusian,ပႄႇလႃႇရုတ်ႈ
bej,Beja,ပေးၵျႃႇ
bem,Bemba,ပႅမ်းပႃႈ
bew,Betawi,ပႅတ်ႉထဝီႇ
bez,Bena,ပႅၼ်းၼႃႈ
bfd,Bafut,ပႄးၾႅတ်
bfq,Badarawa,ပႃတႃးၵ
bg,Bulgarian,ပူႇၵႃႇရီႇယႅၼ်ႇ
bgn,Western Balochi,ပလူးၶျီႇ ပွတ်းတူၵ်း
bho,Bhojpuri,ပူဝ်ႉၵျ်ပူႇရီႇ
bi,Bislama,ပီသလမ်းမႃး
bik,Bikol,ပိၵ်ႇၶူဝ်းလ်
bin,Bini,ပီၼီး
bjn,Banjarese,ပၼ်ၵျႃႇ
bkm,Kom,ၵွမ်
bla,Siksika,သိၵ်ႉသိၵ်ႇၵႃႇ
bm,Bambara,ပႅမ်ပႃရႃႇ
bn,Bengali,ပင်းၵလႃႇ
bo,Tibetan,ထိပႅတ်ႉတၼ်ႇ
bpy,Bishnupriya Manipuri,ပီႇသျၼုပ်းပရီႇယႃႇ
bqi,Bakhtiari,ပၵ်းထီႇဢႃးရီႇ
br,Breton,ပရႅတ်ႉတၼ်ႇ
bra,Braj,ပရႅတ်ႉ
brh,Brahui,ပရႃႁုၺ်း
brx,Bodo,ပူဝ်တူဝ်ႇ
bs,Bosnian,ပွတ်ႉသၼီးယႅၼ်ႇ
bss,Akoose,ဢၵ်ႉၶူးသ်
bua,Buriat,ပိူဝ်းယႅတ်ႇ
bug,Buginese,ပူႇၵီးၼီးၸ်
bum,Bulu,ပူးလူး
byn,Blin,ပလိၼ်ႇ
byv,Medumba,မတုမ်ပႃႇ
ca,Catalan,ၶႅတ်ႇတလၼ်ႇ
cad,Caddo,ၶႅတ်ႇတူဝ်း
car,Carib,ၶႃးရိပ်ႉ
cay,Cayuga,ၶႃႇယူးၵႃႇ
cch,Atsam,ဢႅတ်ႉသမ်ႇ
ccp,Chakma,ၶျၵ်ႉမႃး
ce,Chechen,ၶျႅတ်ႉၶျႅၼ်ႇ
ceb,Cebuano,သိုပ်ႇပႂႃးၼူဝ်ႇ
cgg,Chiga,ၶျီၵႃႇ
ch,Chamorro,သျမူဝ်ႇရူဝ်ႇ
chb,Chibcha,ၶျိပ်ႉၶျႃႇ
chg,Chagatai,ၶျၵတႆး
chk,Chuukese,ၶျႅၵ်ႉၵိတ်ႇသ်
chm,Mari,မႃႇရီႇ
chn,Chinook Jargon,သျီးၼူၵ်ႇ ၵျႃႇၵုၼ်း
cho,Choctaw,ၶျွၵ်ႉတေႃႇ
chp,Chipewyan,ၶျီႇၽႄဝၢႆးယၼ်ႇ
chr,Cherokee,ၶျေရၵီႇ
chy,Cheyenne,သျၢႆးဢၢၼ်ႇ
cic,Chickasaw,ၶျိၵ်ႉၵသေႃး
ckb,Central Kurdish,ၶိူဝ်းတိတ်ႉသျ် ပွတ်းၵၢင်
ckb,Central Kurdish,ၶိူဝ်းတိတ်ႉသျ်၊ ပွတ်းၵၢင်
ckb,Central Kurdish,ၶိူဝ်းတိတ်ႉသျ်၊ သူဝ်ႇရၼ်းၼီႇ
co,Corsican,ၵေႃသီၵၼ်ႇ
cop,Coptic,ၶွပ်းထိၵ်ႇ
cps,Capiznon,ၶႅပ်ႇပီးၸ်ၼုမ်ႇ
cr,Cree,ၶရီး
crh,Crimean Tatar,ၶရၢမ်ႇမီးယၼ်ႇ တိူဝ်းၵိတ်ႉသျ်
crs,Seychellois Creole,ၾရၢင်ႇသဵတ်ႈ သီးသီးလဝႃႇ ၶရီးဢူဝ်ႇ
cs,Czech,ၶျႅၵ်ႉ
csb,Kashubian,ၶသျူးပီးယၼ်ႇ
cu,Old Church Slavonic,ၶျၢတ်ႉသလႃးဝိၵ်ႉ
cv,Chuvash,ၶျူးဝၢတ်ႇ
cy,Welsh,ဝႄးလ်သျ်
da,Danish,တေးၼိတ်ႉသျ်
dak,Dakota,တၵူဝ်းတႃႇ
dar,Dargwa,တႃၵႂႃႇ
dav,Taita,တၢႆးတႃႇ
de,German,ၵျႃႇမၼ်ႇ
de_AT,German (Austria),ၵျႃႇမၼ်ႇ ဢေႃႉသထရေးလီးယႅၼ်း
de_CH,Swiss High German,ၵျႃႇမၼ်ႇ သဝိတ်ႉ ႁၢႆႉ
del,Delaware,တႄႇလဝႄး
den,Slavey,သလဵပ်ႉ
dgr,Dogrib,တွၵ်ႉၵရိပ်ႉ
din,Dinka,တိၼ်းၵႃႈ
dje,Zarma,ၸႃမႃႇ
doi,Dogri,တွၵ်ႉၵရီႇ
dsb,Lower Sorbian,လူဝ်းဝႃးသေႃႇပီႇယႅၼ်ႇ
dtp,Central Dusun,ပွတ်းၵၢင် တူးသၼ်ႇ
dua,Duala,တူးဝႃးလႃႇ
dum,Middle Dutch,တၢတ်ႉၶျ် ပွတ်းၵၢင်
dv,Dhivehi,တီႇဝႄးႁီႇ
dyo,Jola-Fonyi,ၵျူဝ်လႃ-ၾူင်းၼီႇ
dyu,Dyula,တဵဝ်းလႃႇ
dz,Dzongkha,ၸွင်းၵႃႇ
dzg,Dazaga,တီႇၸႃၵႃႇ
ebu,Embu,ဢႅမ်းပူး
ee,Ewe,ယူး
efi,Efik,ဢႅပ်ႉၾႅၵ်ႇ
egl,Emilian,ဢႅမ်ႇမီလီယႅၼ်ႇ
egy,Egyptian,ဢီႇၵျိပ်ႉသျိၼ်ႇ မိူဝ်ႈၵွၼ်ႇ
eka,Ekajuk,ဢႅၵ်ႉၵၵျႅၵ်ႉ
el,Greek,ၵရိတ်ႈ
elx,Elamite,ဢီးလမၢႆႉ
en,English,ဢိင်းၵလဵတ်ႈ
en_AU,Australian English,ဢိင်းၵလဵတ်ႈ ဢေႃႉသထရေးလီးယႅၼ်း
en_CA,Canadian English,ဢိင်းၵလဵတ်ႈ ၶႅၼ်ႇၼေးတီးယႅၼ်း
en_GB,British English,ဢိင်းၵလဵတ်ႈ ပရိတ်ႉတိတ်ႉ
en_GB,Short British English,ဢိင်းၵလဵတ်ႈ ယူႇၶေႇ
en_US,American English,ဢိင်းၵလဵတ်ႈ ဢမေႇရိၵၢၼ်ႇ
en_US,Short American English,ဢိင်းၵလဵတ်ႈ ယူႇဢႅတ်ႉသ်
enm,Middle English,ဢိင်းၵလဵတ်ႈ ပွတ်းၵၢင်
eo,Esperanto,ဢႅတ်ႉသ်ပရႅၼ်တူဝ်ႇ
es,Spanish,သပႅၼ်းၼိတ်ႉသျ်
es_419,Latin American Spanish,သပႅၼ်းၼိတ်ႉသျ် လႅတ်ႉတိၼ်ႇ ဢမေႇရိၵၢၼ်ႇ
es_ES,European Spanish,သပႅၼ်းၼိတ်ႉသျ် ယူႇရူဝ်ႇပီႇယႅၼ်ႇ
es_MX,Mexican Spanish,သပႅၼ်းၼိတ်ႉသျ် မႅၵ်ႇသီႇၶႅၼ်ႇ
esu,Central Yupik,ယူးၽိၵ်ႇ ပွတ်းၵၢင်
et,Estonian,ဢႅတ်ႉသ်တူဝ်ႇၼီႇယႅၼ်ႇ
eu,Basque,ပႃႉသ်
ewo,Ewondo,ဢဝၢၼ်တူဝ်ႇ
ext,Extremaduran,ဢဵတ်ႇသ်ထရႃႇမတူးရၼ်ႇ
fa,Persian,ၽႃသျႅၼ်ႇ
fa_AF,Dari,တႃႇရီႇ
fan,Fang,ၾင်
fat,Fanti,ၾၼ်ထီႇ
ff,Fulah,ၾူလႃႇ
fi,Finnish,ၾိၼ်းၼိတ်ႉသျ်
fil,Filipino,ၾီလိပ်ႉပီးၼူဝ်ႇ
fit,Meänkieli,ထူဝ်ႇၼီႇတႄႇလ်လႅၼ်ႇ ၾိၼ်းၼိတ်ႉသျ်
fj,Fijian,ၾီႇၵျီႇယႅၼ်ႇ
fo,Faroese,ၾႄးရူဝ်းဢီးသ်
fon,Fon,ၾူၼ်
fr,French,ၾရၢင်ႇသဵတ်ႈ
fr_CA,Canadian French,ၾရၢင်ႇသဵတ်ႈ ၶႅၼ်ႇၼေးတီးယႅၼ်း
fr_CH,Swiss French,ၾရၢင်ႇသဵတ်ႈ သဝိတ်ႉ
frc,Cajun French,ၾရၢင်ႇသဵတ်ႈ ၶေးၵျုၼ်ႇ
frm,Middle French,ၾရၢင်ႇသဵတ်ႈ ပွတ်းၵၢင်
fro,Old French,ၾရၢင်ႇသဵတ်ႈ မိူဝ်ႈၵွၼ်ႇ
frp,Arpitan,ဢၢပ်းပီတၼ်ႇ
frr,Northern Frisian,ၾရီႇသီႇယႅၼ်ႇ ပွတ်းႁွင်ႇ
frs,Eastern Frisian,ၾရီႇသီႇယႅၼ်ႇ ပွတ်းဝၼ်းဢွၵ်ႇ
fur,Friulian,ၾရီႇယူးလီယႅၼ် Friulian
fy,Western Frisian,ၾရီႇသီႇယႅၼ်ႇ ပွတ်းဝၼ်းတူၵ်း
ga,Irish,ဢၢႆးရိတ်ႉသျ်
gaa,Ga,ၵႃႉ
gag,Gagauz,ၵႃႉၵႄးလ်
gan,Gan Chinese,ၶႄႇ ၵၼ်း
gay,Gayo,ၵႃႉသျူဝ်ႇ
gba,Gbaya,ပႃးယႃႇ
gbz,Zoroastrian Dari,တႃႇရီႇ ၸူဝ်ႇရူဝ်ဝႅတ်ႉသ်ထရီႇယႅၼ်ႇ
gd,Scottish Gaelic,ၵေးလိၵ်ႉ သၵွတ်ႉတိသျ်
gez,Geez,ၵျီႉသ်
gil,Gilbertese,ၵဵဝ်းပတိတ်ႉသ်
gl,Galician,ၵလီးသီယႅၼ်ႇ
glk,Gilaki,ၵီလၵ်ႉၶီႇ
gmh,Middle High German,ၵျႃႇမၼ်ႇ ပွတ်းၵၢၼ် တီႈသုင်
gn,Guarani,ၵႂႃႇရႃၼီး
goh,Old High German,ၵျႃႇမၼ်ႇႇ တီႈသုင် မိူဝ်ႈၵွၼ်ႇ
gom,Goan Konkani,ၵူဝ်ႇဢၼ်ႇ ၵွၼ်ႇၵၼီး
gon,Gondi,ၵွၼ်းတီႇ
gor,Gorontalo,ၵေႃႇရူၼ်ႇတႄလ်လူဝ်ႇ
got,Gothic,ၵွတ်ႉတိၵ်ႇ
grb,Grebo,ၵရီပူဝ်ႇ
grc,Ancient Greek,ၵရိတ်ႈ မိူဝ်ႈၵွၼ်ႇ
gsw,Swiss German,ၵျႃႇမၼ်ႇႇ သဝိတ်ႉ
gu,Gujarati,ၵူးၵျရႃႇတီႇ
guc,Wayuu,ဝႃႉယူး
gur,Farefare,ၾရႃၾရႃ
guz,Gusii,ၵတ်ႉသီး
gv,Manx,မႅၼ်ႉ
gwi,Gwich'in,ၵူႇဝိတ်ႉၶျိၼ်ႇ
ha,Hausa,ႁၢဝ်းသႃႇ
hai,Haida,ႁၢႆးတႃႉ
hak,Hakka Chinese,ၶႄႇ ႁၵ်ႉၶႃႇ
haw,Hawaiian,ႁဝၢႆႇယၼ်ႇ
he,Hebrew,ႁီးပရူး
hi,Hindi,ႁိၼ်ႇတီႇ
hif,Fiji Hindi,ႁိၼ်ႇတီႇ ၾီႇၵျီႇ
hil,Hiligaynon,ႁီလီၵေးၼုၼ်ႇ
hit,Hittite,ႁိတ်းထၢႆႉ
hmn,Hmong,မၢင်ႉ
ho,Hiri Motu,ႁိရိ မူဝ်ထူး
hr,Croatian,ၶရူဝ်ႇဢီးသျိၼ်ႇ
hsb,Upper Sorbian,သေႃးပီးယႅၼ်ႇ ပွတ်းၼိူဝ်
hsn,Xiang Chinese,ၶႄႇသျၢင်း
ht,Haitian Creole,ႁေးသျုၼ်း ၶရီးဢူဝ်ႇ
hu,Hungarian,ႁင်ၵေးလီးယႅၼ်ႇ
hup,Hupa,ႁူးပႃႇ
hy,Armenian,ဢႃမီးၼီးယႅၼ်ႇ
hz,Herero,ႁႄရႄရူဝ်ႇ
ia,Interlingua,ဢိၼ်ထႃလိၼ်းၵႂႃႇ
iba,Iban,ဢၢႆးပၼ်ႇ
ibb,Ibibio,ဢီႇပိပ်ႉပီးယူဝ်း
id,Indonesian,ဢိၼ်ႇတူဝ်ႇၼီးသျၼ်ႇ
ie,Interlingue,ဢိၼ်ႇထႃႇလိၼ်းၵူၺ်ႇ
ig,Igbo,ဢိၵ်ႉပူဝ်း
ii,Sichuan Yi,သိသျွၼ်ယီႈ
ik,Inupiaq,ဢိၼ်ၼူးၽီယၵ်ႇ
ilo,Iloko,ဢီလူဝ်ၵူဝ်ႇ
inh,Ingush,ဢိင်းၵၢတ်ႇသျ်
io,Ido,ဢီးတူဝ်ႇ
is,Icelandic,ဢၢႆးသလႅၼ်းတိၵ်ႉ
it,Italian,ဢထႃးလီယႅၼ်ႇ
iu,Inuktitut,ဢီၼွၵ်းတီတုတ်ႈ
izh,Ingrian,ဢိၼ်ႇၵရီႇယၼ်ႇ
ja,Japanese,ၵျႃႇပၢၼ်ႇ
jam,Jamaican Creole English,ဢိင်းၵလဵတ်ႈ ၵျမေၵၼ်ႇ ၶရီးဢူဝ်ႇ
jbo,Lojban,လူဝ်ၸပႅၼ်ႇ
jgo,Ngomba,ဢၢမ်းၵူမ်ႈပႃႇ
jmc,Machame,မၶျၢမ်း
jpr,Judeo-Persian,ၵျူႇတႄးဢူဝ်း-ၽႃးသျၼ်ႇ
jrb,Judeo-Arabic,ၵျူႇတႄးဢူဝ်း-ဢႃႇရပိၵ်ႉ
jut,Jutish,ၵျူးတိတ်ႉသျ်
jv,Javanese,ၵျႃးဝၼိတ်ႉ
ka,Georgian,ၵျေႃၵျၼ်ႇ
kaa,Kara-Kalpak,ၶရႃးၶႄႇလ်ၽၵ်ႉ
kab,Kabyle,ၶပၢႆယႂ်ႇ
kac,Kachin,ၶၢင်
kaj,Jju,ၵျူး
kam,Kamba,ၶမ်းပႃႇ
kaw,Kawi,ၵဝီႇ
kbd,Kabardian,ၶပ်ႉပႃတီႇယႅၼ်ႇ
kbl,Kanembu,ၶၼႅမ်ပူႇ
kcg,Tyap,တႃယႅပ်ႉ
kde,Makonde,မၢၵ်ႈၶွၼ်းတေႇ
kea,Kabuverdianu,ၶပ်ႉပူဝႃႇတီႇယႃႇၼူဝ်ႇ
ken,Kenyang,ၶႅၼ်ယင်ႇ
kfo,Koro,ၶူဝ်လူဝ်ႇ
kg,Kongo,ၶွၼ်းၵူဝ်ႇ
kgp,Kaingang,ၶဵင်းၵင်ႇ
kha,Khasi,ၶႃးသီႇ
kho,Khotanese,ၶူတ်ႇၼိတ်ႉသ်
khq,Koyra Chiini,ၶူဝ်းရၶျိၼ်းၼၢႆး
khw,Khowar,ၵူဝ်းဝႃႇ
ki,Kikuyu,ၶူႇၶူးယူႇ
kiu,Kirmanjki,ၶႃးမၼ်ႇၸၶီႇ
kj,Kwanyama,ၵႂႃႇၼီႇယႃမႃႇ
kk,Kazakh,ၵႃးၸႅၵ်ႇ
kkj,Kako,ၵႃးၵူဝ်ႇ
kl,Kalaallisut,ၵလႃႈလီးသုတ်ႇ
kln,Kalenjin,ၵႄလႅၼ်ႈၵျိၼ်ႇ
km,Khmer,ၶမႄႇရ်
kmb,Kimbundu,ၶိမ်ပုၼ်းတူႇ
kn,Kannada,ၶၼႃးတႃႇ
ko,Korean,ၵၢဝ်းလီ
koi,Komi-Permyak,ၶူဝ်းမီႇၽၢမ်ယၵ်ႉ
kok,Konkani,ၶွၼ်းၶႃၼီး
kos,Kosraean,ၶွတ်ႇသရႃးယႅၼ်ႇ
kpe,Kpelle,ၽႄႈလႄႈ
kr,Kanuri,ၶၼူးရီႇ
krc,Karachay-Balkar,ၶရၶျၢႆး-ပႂ်လၵႃႈ
kri,Krio,ၶရီးဢူဝ်ႇ
krj,Kinaray-a,ၶိၼ်ႇၼရေး-ဢႃႇ
krl,Karelian,ၶရီးလီးယႅၼ်ႇ
kru,Kurukh,ၵူရၢၵ်ႉ
ks,Kashmiri,ၶသျမီးရီႇ
ksb,Shambala,သျမ်ပလႃႇ
ksf,Bafia,ပဵပ်ႉၾီးယႃး
ksh,Colognian,ၵူဝ်ႇလူဝ်ၼီယႅၼ်ႇ
ku,Kurdish,ၶိူဝ်းတိတ်ႉသျ်
kum,Kumyk,ၶူးမဵၵ်ႇ
kut,Kutenai,ၶူးထႅၼ်ႇၼေး
kv,Komi,ၶူဝ်းမီႇ
kw,Cornish,ၶူဝ်းၼိတ်ႉသျ်
ky,Kyrgyz,ၶေးလ်ၵဵတ်ႇ
ky,Kyrgyz,ၶေးၵိတ်ႉၸ်
la,Latin,လႅတ်ႉတိၼ်ႇ
lad,Ladino,လတီၼူဝ်ႇ
lag,Langi,လႅင်းၵျီႇ
lah,Lahnda,လၢၼ်းတႃႇ
lam,Lamba,လမ်းပႃႇ
lb,Luxembourgish,လၢၵ်ႈၸိမ်ႇပၢၵ်ႈၵဵတ်ႉသျ်
lez,Lezghian,လၢတ်ႉၸ်ၵီႇယႅၼ်ႇ
lfn,Lingua Franca Nova,လိၼ်းၵႂႃႇ ၾရႅၼ်ႉ ၼူဝ်းဝႃႇ
lg,Ganda,ၵႅၼ်တႃႇ
li,Limburgish,လိမ်းပႃးၵႅတ်ႉသျ်
lij,Ligurian,လီႇၵူးရီႇယႅၼ်ႇ
liv,Livonian,လီႇဝူဝ်းၼီးယႃး
lkt,Lakota,လၶူဝ်တႃႇ
lmo,Lombard,လွမ်းပၢတ်ႉ
ln,Lingala,လိင်ႇၵႄလ်လႃႇ
lo,Lao,လၢဝ်း
lol,Mongo,မွင်းၵူဝ်ႇ
lou,Louisiana Creole,လူႇဝီႇသီႇယႃးၼႃး ၶရီးဢူဝ်ႇ
loz,Lozi,လူဝ်ၸီ
lrc,Northern Luri,လူႇရီႇ ပွတ်းႁွင်ႇ
lt,Lithuanian,လီႉတူႇဝေးၼီယႅၼ်ႇ
ltg,Latgalian,လတ်ႉၵေႇလီႇယႅၼ်ႇ
lu,Luba-Katanga,Luba-Katanga
lua,Luba-Lulua,လူပႃႉ-လူလူဢႃႇ
lui,Luiseno,လူဢီးသႄႇၼူဝ်ႇ
lun,Lunda,လိူၼ်တႃႇ
luo,Luo,လူဝ်
lus,Mizo,မီၸူဝ်း
luy,Luyia,လူးယီယႃး
lv,Latvian,လၢတ်ႉဝီႇယႅၼ်ႇ
lzh,Literary Chinese,ၶႄႇ ဝၼ်းသျုၺ်
lzz,Laz,လၢတ်ႉၸ်
mad,Madurese,မၶျူႇရႄႇ
maf,Mafa,မႃႇၾႃႇ
mag,Magahi,မႃၵႁီႇ
mai,Maithili,မႂ်ႇတီႇလီႇ
mak,Makasar,မၶႅတ်ႉသႃႇ
man,Mandingo,မၼ်တိင်းၵူဝ်ႇ
mas,Masai,မၸၢႆႇ
mde,Maba,မႃႉပႃႇ
mdf,Moksha,မူၵ်ႉသျႃႇ
mdr,Mandar,မၼ်ႇတႃႇ
men,Mende,မႅၼ်ႉ
mer,Meru,မေရူႇ
mfe,Morisyen,မူဝ်ရိသျႅၼ်ႇ
mg,Malagasy,မလၵႅတ်ႉသီႇ
mga,Middle Irish,ဢၢႆးရိတ်ႉသျ် ပွတ်းၵၢင်
mgh,Makhuwa-Meetto,မၵ်ႉၶႂႃး-မီထူဝ်ႇ
mgo,Metaʼ,မႅတ်ႉထႃႇ
mh,Marshallese,မႃသျႄႇလ်လိတ်ႉ
mi,Maori,မၢဝ်းရီႇ
mic,Micmac,မိင်းၵႂ်းမႃႇ
min,Minangkabau,မီၼၢင်းၶပ်ႉပၢဝ်း
mk,Macedonian,မႅတ်ႇသီႇတူဝ်းၼီးယႅၼ်း
ml,Malayalam,မလေႇယႃလမ်ႇ
mn,Mongolian,မၢင်ၵူဝ်းလီယႅၼ်ႇ
mnc,Manchu,မၢၼ်ၶျူး
mni,Manipuri,မၼိပူႇရ်
moh,Mohawk,မူဝ်ႉႁၢၵ်ႇ
mos,Mossi,မေႃႉသီႇ
mr,Marathi,မရႃႉတီႇ
mrj,Hill Mari,မႃႇရိ ပွတ်းဝၼ်းဢွၵ်ႇ
ms,Malay,မလေး
mt,Maltese,မႄးလ်ထီး
mua,Mundang,မုၼ်းတင်ႈ
mul,Multiple languages,ၽႃႇသႃႇၵႂၢမ်း လၢႆမဵဝ်းလၢႆဢၼ်
mus,Creek,မတ်ႉသ်ၶူဝ်းၵီႇ
mwl,Mirandese,မီရၼ်တိတ်ႉသ်
mwr,Marwari,မႃဝႃရီႇ
mwv,Mentawai,မႅၼ်းထဝၢႆႇ
my,Burmese,မၢၼ်ႈ
my,Burmese (variant),ၽႃႇသႃႇၵႂၢမ်း မျၢၼ်ႇမႃႇ
mye,Myene,မျႅၼ်းၼႄး
myv,Erzya,ဢႄရၸီးယႃး
mzn,Mazanderani,မႃၸၼ်တႃရၼ်ၼီႇ
na,Nauru,ၼၢဝ်ရူး
nan,Min Nan Chinese,ၶႄႇ မိၼ်းၼၼ်ႇ
nap,Neapolitan,ၼီဢၽေႃးလိတ်ႉတၼ်ႇ
naq,Nama,ၼႃးမႃႈ
nb,Norwegian Bokmål,ၼေႃႇဝီးၵျႅၼ်ႇ ပွၵ်ႉၶ်မေႃႇ
nd,North Ndebele,ဢိၼ်တပႄႇလႃႇ ပွတ်းႁွင်ႇ
nds,Low German,ၵျႃႇမၼ်ႇ ပွတ်းတႂ်ႈ
nds_NL,Saxon,သႅၵ်ႉသၼ်ႇ ပွတ်းတႂ်ႈ
ne,Nepali,ၼေပႃလီႇ
new,Newari,ၼိဝ်ဝႃးလီႇ
ng,Ndonga,ဢိုၼ်တွင်းၵႃႇ
nia,Nias,ခူတ်ႉခူမ်း
niu,Niuean,ခူရူးဢေႇ
njo,Ao Naga,ဢၢဝ်ႇၼႃးၵႃႇ
nl,Dutch,တၢတ်ႉၶျ်
nl_BE,Flemish,ၾလႅၼ်းမိၵ်ႉသျ်
nmg,Kwasio,ၶႂႃးၸီယူဝ်
nn,Norwegian Nynorsk,ၼေႃႇဝီးၵျႅၼ်ႇ ၼၢႆးၼေႃႉၸ်ၶ်
nnh,Ngiemboon,ဢႅၼ်ၵျႅၼ်းပုၼ်း
no,Norwegian,ၼေႃႇဝီးၵျႅၼ်ႇ
nog,Nogai,ၼူဝ်းၵၢႆ
non,Old Norse,ၼူဝ်းသ် မိူဝ်ႈၵွၼ်ႇ
nov,Novial,ၼူဝ်ႇဝီႇယႃႇ
nqo,N’Ko,ဢင်းၶူဝ်း
nr,South Ndebele,ဢိၼ်တပႄႇလႃႇ ပွတ်းၸၢၼ်း
nso,Northern Sotho,သူဝ်းထူဝ်ႇ ပွတ်းႁွင်ႇ
nus,Nuer,ၼူဝ်းဝႃႇ
nv,Navajo,ၼႃးဝႁူဝ်ႇ
nwc,Classical Newari,ၼိဝ်ႇဝႃးရီႇ မိူဝ်ႈၵွၼ်ႇ
ny,Nyanja,ၺႅၼ်ၵျႃႇ
nym,Nyamwezi,ၺၢမ်ႇဝီးၸီႇ
nyn,Nyankole,ၺၢၼ်ၶေႃးလႄႇ
nyo,Nyoro,ၺူဝ်ႇရူဝ်ႇ
nzi,Nzima,ဢိၼ်းၸိမႃႉ
oc,Occitan,ဢွၵ်ႉသီထႅၼ်ႈ
oj,Ojibwa,ဢူဝ်ၵျီးပူၺ်ႇ
ojb,Ojibwe,ဢူဝ်ၵျီးပူၺ်ႇ ၸဵင်ႇႁွင်ႇဝၼ်းတူၵ်း
ojc,Ojibwa,ဢူဝ်ၵျီးပူၺ်ႇ ပွတ်းၵၢင်
ojg,Ojibwa,ဢူဝ်ၵျီးပူၺ်ႇ ပွတ်းဢွၵ်ႇ
ojs,Ojibwa-Kash,ဢူဝ်ၵျီး-ၶရီႇ
ojw,Ojibwa,ဢူဝ်ၵျီးပူၺ်ႇ ပွတ်းတူၵ်း
oka,Okanagan,ဢူၵ်ႉၶၼၵၼ်ႇ
om,Oromo,ဢူဝ်ရူဝ်မူဝ်
or,Oriya,ဢူဝ်းတီးယႃႇ
os,Ossetian,ဢေႃႈသႅတ်ႉထိၵ်ႇ
osa,Osage,ဢူဝ်းသဵတ်ႉ
ota,Ottoman,တိူဝ်းၵိတ်ႉသ်ျ ဢွတ်ႉတူဝ်မႅၼ်ႇ
pa,Punjabi,ပုၼ်ႇၵျႃႇပီႇ
pag,Pangasinan,ပင်ၵႃႉသီၼၼ်
pal,Pahlavi,ပႃးလဝီး
pam,Pampangan,ပမ်ႇပႅင်းၵႃႇ
pap,Papiamento,ပႃပီယႃမႅၼ်းတူဝ်ႇ
pau,Palauan,ပလၢဝ်းဝႅၼ်ႇ
pcd,Picard,ၽီးၵၢတ်ႇ
pcm,Nigerian Pidgin,ၼၢႆႇၵျီးရီးယႅၼ်း ၽိတ်ႉၵျိၼ်ႇ
pdc,Pennsylvania German,ၵျႃႇမၼ်ႇ ၽႅၼ်ႇသႄႇဝေးၼီးယႃး
pdt,Plautdietsch,ၽလွတ်ႉတိတ်ႉသ်ျ
peo,Old Persian,ပႃႇသျၼ်းၵဝ်ႇ
pfl,Pfälzisch,ၵျႃႇမၼ်ႇ ပႃႇလတၢႆး
phn,Phoenician,ၽူဝ်ႇၼီးသီႇယႅၼ်ႇ
pi,Pali,ပႃႇလိ
pis,Pijin,ၽိၵျိၼ်ႇ
pl,Polish,ၽေႃးလိတ်ႉသ်ျ
pms,Piemontese,ၽိတ်ႉမွၼ်းထိတ်ႉသ်
pnt,Pontic,ၽွၼ်းထိၵ်ႉ
pon,Pohnpeian,ၽွၼ်းၽေႇ
pqm,Eastern Malayo-Polynesian,မလိသိတ်ႉ-ၽၢတ်ႉမၵူဝ်တီႇ
prg,Prussian,ၽရတ်ႉသီႇယႅၼ်ႇ
prg,Prussian,ပရတ်ႉသီႇယႅၼ်ႇ
pro,Old Provençal,ၽရူဝ်ႇဝႅၼ်သႄႇလ်ၵဝ်ႇ
ps,Pashto,ၽတ်ႉသ်ျတူဝ်ႇ
ps,Pashto,ၽုတ်ႉသ်ျတူဝ်ႇ
pt,Portuguese,ပေႃးတူႉၵိတ်ႉသ်
pt_BR,Brazilian Portuguese,ပေႃးတူႉၵိတ်ႉသ် ပရႃႇၸီးလီးယႅၼ်း
pt_PT,European Portuguese,ပေႃးတူႉၵိတ်ႉသ် ယူႇရူဝ်ႇပီႇယႅၼ်ႇ
qu,Quechua,ၶႅတ်ႉၶျူႇဝႃႇ
quc,K'iche',ၶေးသ်ျ
qug,Chimborazo Highland Quichua,ၶျိမ်ႇပူဝ်ႇရႃႇၸူဝ်ႇ ႁၢႆးလႅၼ်း ၶႅတ်ႉၶျူႇဝႃႇ
raj,Rajasthani,ရၵျသထႃးၼီႇ
rap,Rapa Nui,ရပ်ႉၽၼူးရီႇ
rar,Rarotongan,ရႃႇရူဝ်ႇထွင်းၵၼ်ႇ
rgn,Romagnol,ရွမ်မၺေႃး
rhg,Rohingya,ရူဝ်ႇရိၼ်ႇၵျႃႇ
rif,Riffian,ရပ်ႉၾီႇယႅၼ်ႇ
rm,Romansh,ရူဝ်မႅၼ်ႇသ်ျ
rn,Rundi,ရုၼ်းတီႇ
ro,Romanian,ရူဝ်ႇမေးၼီးယႅၼ်း
ro_MD,Moldavian,မူဝ်ႇတေးဝီးယႅၼ်း
rof,Rombo,ရွမ်ႇပူဝ်ႇ
rom,Romany,ရူဝ်းမၼီႇ
rtm,Rotuman,ရူဝ်တူမၼ်ႇ
ru,Russian,ရတ်ႉသျၼ်ႇ
rue,Rusyn,ရတ်ႉသိၼ်ႇ
rug,Roviana,ရူဝ်ႇဝီးယႃးၼႃး
rup,Aromanian,ဢႃႇရူဝ်ႇမေးၼီးယႅၼ်း
rw,Kinyarwanda,ၶိၼ်ၺႃဝၼ်းတႃႇ
rwk,Rwa,ရဝႃ
sa,Sanskrit,သၼ်းသၶရိတ်ႉ
sad,Sandawe,သၼ်တႃႉဝႄႇ
sah,Yakut,သႃႉၶႃႇ
sam,Samaritan Aramaic,သမႃးရိတၼ်ႇ ဢႃရႃမဵၵ်ႉ
saq,Samburu,သႅမ်ပူးရူႇ
sas,Sasak,သႃသၵ်ႇ
sat,Santali,သၼ်တႃႉလီႇ
saz,Saurashtra,သေႃရတ်ႉသ်ျထရႃႇ
sba,Ngambay,ငမ်ႇပေး
sbp,Sangu,သၼ်ၵူး
sc,Sardinian,သႃတီးၼီးယႅၼ်း
scn,Sicilian,သီႇသီးလီးယႅၼ်း
sco,Scots,သၵွတ်ႉ
sd,Sindhi,သိၼ်းတီႇ
sdc,Sassarese Sardinian,သႃႉသႃရိ သႃတီးၼီးယႅၼ်း
sdh,Southern Kurdish,ၶိူဝ်းတိတ်ႉသ်ျ ပွတ်းၸၢၼ်း
se,Northern Sami,သႃးမီး ပွတ်းႁွင်ႇ
see,Seneca,သႄႇၼီၵႃ
seh,Sena,သႄၼႃႇ
sei,Seri,သႄးရီႇ
sel,Selkup,သႄးလ်ၶပ်ႉ
ses,Koyraboro Senni,ၶူဝ်ရႃပူဝ်ႇရူဝ်ႇ သႅၼ်ၼီႇ
sg,Sango,သၼ်ၵူဝ်ႇ
sga,Old Irish,ဢၢႆးရိတ်ႉသျ်ၵဝ်ႇ
sgs,Samogitian,သမူဝ်ႇၵျိတ်ႉသျၼ်ႇ
sh,Serbo-Croatian,သႃပူဝ်-ၶရူဝ်ႇဢေးသျၼ်ႇ
shi,Tachelhit,တႃႉၶျႄႇလ်ႁိတ်ႉ
shn,Shan,တႆး
shu,Chadian Arabic,ၶျေးတီႇယႅၼ်ႇ ဢႃးရပိၵ်ႉ
si,Sinhala,သိၼ်ႁႃးလႃႇ
sid,Sidamo,သီတႃးမူဝ်ႇ
sk,Slovak,သလူဝ်ႇဝၵ်ႉ
sl,Slovenian,သလူဝ်ႇဝီးၼီးယႃး
slh,Stellingwerfs,လၢတ်ႉသျူထိတ်ႉ ပွတ်းၸၢၼ်း
sli,Lower Silesian,သၢႆလီးသီႇယႅၼ်ႇ ပွတ်းတႂ်ႈ
sly,Selayar,သႄႇလယႃႇ
sm,Samoan,သမူဝ်းဢၼ်ႇ
sma,Southern Sami,သႃးမီး ပွတ်းၸၢၼ်း
smj,Lule Sami,လူး သႃးမီး
smn,Inari Sami,ဢိၼ်းၼရီႇ သႃးမီး
sms,Skolt Sami,သၵွတ်ႉ သႃးမီး
sn,Shona,သျူဝ်းၼႃႇ
snk,Soninke,သူဝ်းၼိၼ်ၶီႇ
so,Somali,သူဝ်ႇမႃးလီႇ
sog,Sogdian,သူၵ်ႉတီႇယႅၼ်ႇ
sq,Albanian,ဢႃႇပႃးၼီးယႅၼ်း
sr,Serbian,သႃးပီးယႅၼ်း
sr_ME,Montenegrin,မွၼ်ႇတေႇၼႄႇၵရိၼ်ႇ
srn,Sranan Tongo,သရၼၼ် ထူင်းၵူဝ်ႇ
srr,Serer,သႃဝႃႇ
ss,Swati,သဝႃတီ
ssy,Saho,သႁူဝ်ႇ
st,Southern Sotho,သူဝ်ထူဝ်ႇ ပွတ်းၸၢၼ်း
stq,Saterland Frisian,သႅတ်ႉထႃႇလႅၼ်ႇ ၾရီႇသီႇယႅၼ်ႇ
str,Straits Salish,သထရဵတ်ႉ Straits သေးလိတ်ႉသျ်
su,Sundanese,သုၼ်းတၼိတ်ႉသ်
suk,Sukuma,သုၶူးမႃး
sus,Susu,သူးသူႇ
sux,Sumerian,သူမႄးရီးယႅၼ်း
sv,Swedish,သုၺ်းတိတ်ႉသျ်
sw,Swahili,သုၺ်ႇႁီးလီႇ
sw_CD,Congo Swahili,ၶွၼ်းၵူဝ်ႇ သုၺ်ႇႁီးလီႇ
swb,Comorian,ၶူဝ်မူဝ်ရီယႅၼ်
syc,Classical Syriac,သီးရီးဢႅၵ်ႉ ပၢၼ်ၵဝ်ႇ
syr,Syriac,သီးရီးဢႅၵ်ႉ
szl,Silesian,သီႇလီးသီႇယႅၼ်ႇ
ta,Tamil,တမီးလ်
tce,Southern Tutchone,ထၢတ်ႈၶျူဝ်ၼႄ ပွတ်းၸၢၼ်း
tcy,Tulu,ထူးလူႇ
te,Telugu,ထႄးလူႇၵူႇ
tem,Timne,ထိမ်ႇၼႄး
teo,Teso,ထႄးသူဝ်ႇ
ter,Tereno,ထႃရႅၼ်ၼူဝ်
tet,Tetum,ထႅတ်ႉထမ်ႇ
tg,Tajik,တႃၵျိၵ်ႉ
tgx,Tagin,ထႅၵ်ႉၵိတ်ႉသျ်
th,Thai,ထႆး
tht,Tahltan,ထႄးလ်တၼ်
ti,Tigrinya,ထီႇၵရိၼ်းၺႃႇ
tig,Tigre,ထီးၵရီႇ
tiv,Tiv,ထိပ်ႉ
tk,Turkmen,ထၢၵ်ႉမႅၼ်ႇ
tkl,Tokelauan,ထူဝ်ႇၶႄႇလၢဝ်း
tkr,Tokharian,သၢၵ်ႉၶိူဝ်း
tl,Tagalog,ထၵႃးလွၵ်ႉ
tlh,Klingon,ၶလိင်းဢွၼ်ႇ
tli,Tlingit,ထိင်းၶိတ်ႇ
tly,Talysh,ထလိတ်ႉသျ်
tmh,Tamashek,ထမႃးသျႅၵ်ႇ
tn,Tswana,သဝႃးၼႃႇ
to,Tongan,ထွင်းၵၼ်ႇ
tog,Tonga,ၺႃးသႃႇ
tok,ၺေးဝ်ႇၶီႇ ၽူဝ်းၼႃႇ
tpi,Tok Pisin,ထွၵ်ႉ ၽိသိၼ်ႇ
tr,Turkish,တိူဝ်းၵိတ်ႉသ်ျ
tru,Turoyo,ထူရူဝ်ယူဝ်ႇ
trv,Taroko,တႃရူဝ်ၵူဝ်ႇ
trw,Taroko,ထေႃးဝႃႇလီႇ
ts,Tsonga,သွင်းၵႃႇ
tsd,Tsakonian,သၶူဝ်းၼီးယႅၼ်း
tsi,Tsimshian,သိမ်သီးယႅၼ်း
tt,Tatar,ထထႃး
ttm,ၺိတ်ႈၶျူဝ်ၼႄ ပွတ်းႁွင်ႇ
ttt,ၺ်တ်ႉ မူႇသလိမ်ႇ
tum,Tumbuka,ထမ်ပူၵႃႇ
tvl,Tuvalu,ထူႇဝႃးလူႇ
tw,Twi,ထုၺ်း
twq,Tasawaq,ထႅတ်ႉသဝၢၵ်ႉ
ty,Tahitian,ထႃႁီးသျၼ်ႇ
tyv,Tuvinian,ထူႇဝီးၼီးယႅၼ်း
tzm,Central Atlas Tamazight,ဢတ်ႉလႅတ်ႉ ထမၸိတ်ႉ ပွတ်းၵၢင်
udm,Udmurt,ဢုတ်ႇမုတ်ႉ
ug,Uyghur,ဝီႇၵႃႇ
ug_variant,Uyghur,ဝီးၵူႇသ်
uga,Ugaritic,ဢူးၵရိတ်ႈ
uk,Ukrainian,ယူႇၶရဵၼ်းၼီးယႅၼ်း
umb,Umbundu,ဢုမ်ပုၼ်းတူႇ
und,Undetermined,ဢမ်ႇႁူႉၸၵ်း ၽႃႇသႃႇၵႂၢမ်း
ur,Urdu,ဢူးတူႇ
uz,Uzbek,ဢူးၸပၵ်ႉ
vai,Vai,ဝၢႆး
ve,Venda,ဝႅၼ်းတႃႇ
vec,Venetian,ဝႅၼ်ႇၼီးသျၼ်ႇ
vep,Veps,ဝႅပ်ႉ
vi,Vietnamese,ဝႅတ်ႉၼမ်း
vls,West Flemish,ၾလႄးမိတ်ႉသျ်
vmf,Mainfränkisch,မဵင်း-ၾရၼ်ၶူဝ်းၼီးယႅၼ်း
vo,Volapük,ဝေႃႇလၽုၵ်း
vot,Votic,ဝူဝ်းတိၵ်ႉ
vro,Võro,ဝူဝ်ရူဝ်ႇ
vun,Vunjo,ဝၼ်ၵျူဝ်
wa,Walloon,ဝေႃးလုၼ်း
wae,Walser,ဝေႃးသႃႇ
wal,Wolaytta,ဝူဝ်လေတႃႇ
war,Waray,ဝႃရေ
was,Washo,ဝသျူဝ်ႇ
wbp,Warlpiri,ဝေႃးပီႇရီႇ
wo,Wolof,ဝေႃးလွပ်ႇ
wuu,Wu Chinese,ၶႄႇဝူ
xal,Kalmyk,ၶႃမႅၵ်ႇ
xh,Xhosa,ႁူဝ်းသႃႇ
xmf,Mingrelian,မိၼ်ႇၵရီးလီးယႅၼ်း
xog,Soga,သူဝ်းၵႃႇ
yao,Yao,ယၢဝ်း
yap,Yapese,ယႃၽီးသ်
yav,Yangben,ယၢင်းပႅၼ်
ybb,Yemba,ယႅမ်ပႃႉ
yi,Yiddish,ယိတ်ႉတိတ်ႉသျ်
yo,Yoruba,ယေႃးရူႇပႃႇ
yrl,Nheengatu,ၼိၼ်းၵႃတူႇ
yue,Cantonese,ၶႅၼ်းထူၼ်းၼိတ်ႉသ်
yue_menu,Cantonese,ၶႄႇ၊ ၶႅၼ်းထူၼ်းၼိတ်ႉသ်
za,Zhuang,ၸႂၢင်ႈ
zap,Zapotec,ၸပူဝ်းထႅၵ်ႇ
zbl,Blissymbols,ပလီႇသႅမ်ပူဝ်
zea,Zeelandic,ၸီးလႅၼ်းတိၵ်ႉ
zen,Zenaga,ၸႅၼ်ၼႃၵႃ
zgh,Standard Moroccan Tamazight,လၵ်းၸဵင် မူဝ်ရူဝ်ၵၼ်ႇ ထမၸိတ်ႉ
zh,Chinese,ၶႄႇ
zh_long,Chinese,ၶႄႇ မၼ်းတရိၼ်း
zh_menu,Chinese,ၶႄႇ၊ မၼ်းတရိၼ်း
zh_Hans,Simplified Chinese,ၶႄႇ ပၢၼ်မႂ်ႇ
zh_Hans_long,Simplified Chinese,ၶႄႇ မၼ်းတရိၼ်း ပၢၼ်မႂ်ႇ
zh_Hant,Traditional Chinese,ၶႄႇ ပၢၼ်ၵဝ်ႇ
zh_Hant_long,Traditional Chinese,ၶႄႇ မၼ်းတရိၼ်း ပၢၼ်ၵဝ်ႇ
zu,Zulu,ၸူးလူႇ
zun,Zuni,ၸူးၼီး
zxx,No linguistic content,ဢမ်ႇမီး လမ်းၼႂ်း ၽႃႇသႃႇၵႂၢမ်း
zza,Zaza,ၸႃးၸႃ